{"Tirana": {"access_time": 2.642587661743164, "data_processing": 57.28345036506653, "train_model": 0.03401660919189453, "model_forecast": 0.022247791290283203, "end_to_end": 60.04435157775879}, "Andorra la Vella": {"access_time": 2.206244945526123, "data_processing": 24.96646475791931, "train_model": 0.04143071174621582, "model_forecast": 0.018923282623291016, "end_to_end": 27.288331508636475}}