{"Brussels": {"access_time": 2.457118511199951, "data_processing": 43.98004984855652, "train_model": 0.1362760066986084, "model_forecast": 0.1063535213470459, "end_to_end": 47.04828190803528, "end_to_end_std": 21.076680660247803}, "Vienna": {"access_time": 2.4552499055862427, "data_processing": 23.729426860809326, "train_model": 0.11191582679748535, "model_forecast": 0.10634481906890869, "end_to_end": 26.738131523132324, "end_to_end_std": 0.4369089603424072}}