{
    "Tirana": {
        "access_time": 2.169752335548401,
        "data_processing": 28.259483647346496,
        "train_model": 0.05419073104858398,
        "model_forecast": 0.03149912357330322,
        "end_to_end": 30.612681365013124
    },
    "Andorra la Vella": {
        "access_time": 2.2123568773269655,
        "data_processing": 23.346744227409364,
        "train_model": 0.05186724662780762,
        "model_forecast": 0.017885518074035645,
        "end_to_end": 25.70655083656311
    },
    "Yerevan": {
        "access_time": 2.1481262683868407,
        "data_processing": 23.910730147361754,
        "train_model": 0.053810954093933105,
        "model_forecast": 0.01822841167449951,
        "end_to_end": 26.21856219768524
    },
    "Vienna": {
        "access_time": 2.2218556880950926,
        "data_processing": 25.729971981048585,
        "train_model": 0.05301978588104248,
        "model_forecast": 0.01814236640930176,
        "end_to_end": 28.11780688762665
    },
    "Baku": {
        "access_time": 2.168264389038086,
        "data_processing": 26.94771981239319,
        "train_model": 0.05533621311187744,
        "model_forecast": 0.017833352088928223,
        "end_to_end": 29.277321767807006
    },
    "Minsk": {
        "access_time": 2.1144364356994627,
        "data_processing": 22.635484600067137,
        "train_model": 0.05081520080566406,
        "model_forecast": 0.01786925792694092,
        "end_to_end": 24.89868805408478
    },
    "Brussels": {
        "access_time": 2.1306447744369508,
        "data_processing": 22.47967412471771,
        "train_model": 0.05186507701873779,
        "model_forecast": 0.018051791191101074,
        "end_to_end": 24.76878046989441
    },
    "Sarajevo": {
        "access_time": 2.1425145864486694,
        "data_processing": 23.616459202766418,
        "train_model": 0.05533223152160645,
        "model_forecast": 0.017900943756103516,
        "end_to_end": 25.925138187408447
    },
    "Sofia": {
        "access_time": 2.1546027421951295,
        "data_processing": 23.606942486763,
        "train_model": 0.05126752853393555,
        "model_forecast": 0.017877697944641113,
        "end_to_end": 25.92827751636505
    },
    "Zagreb": {
        "access_time": 2.133830213546753,
        "data_processing": 22.420215344429018,
        "train_model": 0.051163434982299805,
        "model_forecast": 0.01769754886627197,
        "end_to_end": 24.730465388298036
    },
    "Nicosia": {
        "access_time": 2.2249839305877686,
        "data_processing": 23.930591011047362,
        "train_model": 0.053658795356750486,
        "model_forecast": 0.017611122131347655,
        "end_to_end": 26.308772802352905
    },
    "Prague": {
        "access_time": 2.1445808172225953,
        "data_processing": 22.396344232559205,
        "train_model": 0.050266432762146,
        "model_forecast": 0.017711710929870606,
        "end_to_end": 24.687865614891052
    },
    "Copenhagen": {
        "access_time": 2.1228129386901857,
        "data_processing": 22.40562777519226,
        "train_model": 0.05207955837249756,
        "model_forecast": 0.017995810508728026,
        "end_to_end": 24.68059856891632
    },
    "Tallinn": {
        "access_time": 2.2182774543762207,
        "data_processing": 23.12542688846588,
        "train_model": 0.04508914947509766,
        "model_forecast": 0.017643833160400392,
        "end_to_end": 25.498729872703553
    },
    "Helsinki": {
        "access_time": 2.2845809698104858,
        "data_processing": 23.127122735977174,
        "train_model": 0.056366586685180665,
        "model_forecast": 0.017848491668701172,
        "end_to_end": 25.582678079605103
    },
    "Paris": {
        "access_time": 2.3877104997634886,
        "data_processing": 23.18412353992462,
        "train_model": 0.056159472465515135,
        "model_forecast": 0.018045806884765626,
        "end_to_end": 25.738999915122985
    },
    "Tbilisi": {
        "access_time": 2.141465973854065,
        "data_processing": 24.086146998405457,
        "train_model": 0.052379798889160153,
        "model_forecast": 0.017842197418212892,
        "end_to_end": 26.37597417831421
    },
    "Berlin": {
        "access_time": 2.184065651893616,
        "data_processing": 25.958561730384826,
        "train_model": 0.049924159049987794,
        "model_forecast": 0.017914843559265137,
        "end_to_end": 28.318368554115295
    },
    "Athens": {
        "access_time": 2.1963720083236695,
        "data_processing": 26.797070813179015,
        "train_model": 0.05382997989654541,
        "model_forecast": 0.017983651161193846,
        "end_to_end": 29.154653906822205
    },
    "Budapest": {
        "access_time": 2.1733123540878294,
        "data_processing": 22.986835980415343,
        "train_model": 0.05249707698822022,
        "model_forecast": 0.01784951686859131,
        "end_to_end": 25.312959241867066
    },
    "Reykjavik": {
        "access_time": 2.1453898191452025,
        "data_processing": 25.828300619125365,
        "train_model": 0.050803089141845705,
        "model_forecast": 0.017719483375549315,
        "end_to_end": 28.116435861587526
    },
    "Dublin": {
        "access_time": 2.1168893814086913,
        "data_processing": 22.31219220161438,
        "train_model": 0.056633520126342776,
        "model_forecast": 0.017928481101989746,
        "end_to_end": 24.586662435531615
    },
    "Rome": {
        "access_time": 2.1234892845153808,
        "data_processing": 23.73861184120178,
        "train_model": 0.05305635929107666,
        "model_forecast": 0.018089604377746583,
        "end_to_end": 26.017870116233826
    },
    "Nur-Sultan": {
        "access_time": 2.1606273889541625,
        "data_processing": 26.1798846244812,
        "train_model": 0.04965512752532959,
        "model_forecast": 0.017890191078186034,
        "end_to_end": 28.48998703956604
    },
    "Pristina": {
        "access_time": 2.1392980575561524,
        "data_processing": 23.996727323532106,
        "train_model": 0.05488674640655518,
        "model_forecast": 0.018048310279846193,
        "end_to_end": 26.30243034362793
    },
    "Riga": {
        "access_time": 2.1272210836410523,
        "data_processing": 22.337029337882996,
        "train_model": 0.054459142684936526,
        "model_forecast": 0.017584943771362306,
        "end_to_end": 24.62289686203003
    },
    "Vaduz": {
        "access_time": 2.1103989839553834,
        "data_processing": 22.547572946548463,
        "train_model": 0.05431761741638184,
        "model_forecast": 0.017898058891296385,
        "end_to_end": 24.819406723976137
    },
    "Vilnius": {
        "access_time": 2.099556803703308,
        "data_processing": 22.75983006954193,
        "train_model": 0.05065419673919678,
        "model_forecast": 0.018016481399536134,
        "end_to_end": 25.032021927833558
    },
    "Luxembourg City": {
        "access_time": 2.152737784385681,
        "data_processing": 22.909775066375733,
        "train_model": 0.05327484607696533,
        "model_forecast": 0.017684555053710936,
        "end_to_end": 25.224939465522766
    },
    "Valletta": {
        "access_time": 2.1604973554611204,
        "data_processing": 23.899708700180053,
        "train_model": 0.05349955558776855,
        "model_forecast": 0.017923450469970702,
        "end_to_end": 26.22058696746826
    },
    "Chi\u0219in\u0103u": {
        "access_time": 2.2108006477355957,
        "data_processing": 25.109008932113646,
        "train_model": 0.050354719161987305,
        "model_forecast": 0.018063688278198244,
        "end_to_end": 27.473359203338624
    },
    "Monaco": {
        "access_time": 2.184716486930847,
        "data_processing": 25.794715142250062,
        "train_model": 0.05448291301727295,
        "model_forecast": 0.018060803413391113,
        "end_to_end": 28.156560492515563
    },
    "Podgorica": {
        "access_time": 2.2217135667800902,
        "data_processing": 23.53708770275116,